Type;Nom ecrit par toi;Nb tarifs;Exemple designation;Candidat existant le plus proche;(2e candidat);Ta decision: RENOMMER vers ton nom / CREER nouveau / POINTER vers candidat;Precision
ABSENT;Bobine imprimante;1;BOBINE THERM CAISSE 80X80X12 X3 RLX;Bobine;Bobine Therm Caisse Rlx;;
ABSENT;Bols Salade;1;50 BOL SALADE 750. SLR750C SEK;Salade;Bol Salade Slr Sek;;
ABSENT;Café Grain Sati;1;SATI GASTRO GRAINS BAR 1KG C6;Cafe Grains Gianello Crema Unite;Cumin Grain;;
ABSENT;Choucroute crue;4;VG CHOUCROUTE CRUE ALS SEAU10K;Choucroute Crue Nouvelle;Choucroute;;
ABSENT;Cookal Flambage Caramel;1;COOKAL SECRET DE FLAMBAGE CARAMEL 200 ML;Cookal Eclats Caramel;Cookal Secret Flambage Cointreau;;
ABSENT;Dentelle Diam 10;1;DENTELLE DIAM 10;Dentelle Diam;Carton Jarret de porc cuit à braise x 10;;
ABSENT;Dentelle Diam 11,4;1;DENTELLE DIAM 11,4;Dentelle Diam;Cannelle Moulue;;
ABSENT;Dégraissant Pulvérisateur;1;650ML ULTRA DEGRAIS.CITRON SLP;Degraissant;Grissini Art Sesame Ciro;;
ABSENT;EDV Coing;1;COING WOLFBERGER 1874 45,0;Coing;Bt Edv Kirsch Hors Ig;;
ABSENT;EDV Framboise;1;FRAMBOISE EDV 70CL 45% W 45,0;Framboise Edv;Amer Fdb Framboise;;
ABSENT;EDV Kirsch;1;KIRSCH IG ALSACE 70CL 45° W 45,0;Bt Edv Kirsch Hors Ig;Kirsch Ig;;
ABSENT;EDV Mirabelle;3;MIRABELLE IG ALSACE 70CL 45°W 45,0;Mirabelle;Bt Edv Creme Vin Chaud;;
ABSENT;EDV Poire;3;POIRE WILLIAMS WOLF 1874 VNGO 45,0;Poire;Eau Vie Poire Williams Miclo;;
ABSENT;EDV Quetsch Ig;2;QUETSCH IG ALSACE 70CL 45% W 45,0;Quetsch Ig;Bt Edv Kirsch Hors Ig;;
ABSENT;Escalope Foie Gras Canard Cru;3;ESCALOPE FG CANAR CRU UE 40/60 G 1X 5 X 1 KG;Foie Gras Canard;Escalope Fg Canar Cru;;
ABSENT;Essuie Main;1;ESSUIE MAIN BLC ECO X2;Essuie Main Blc;Essuie Main Blc Eco;;
ABSENT;Essuie Main Plis;1;ESSUIE MAIN BLC 2P;Essuie Main Blc;Essuie Main Blc Eco;;
ABSENT;Jarrets cuit;4;JARRET ARRIERE BRAISE CUIT;Jarrets de porc cult supérieur X3;Carton Jarret de porc cuit à braise x 10;;
ABSENT;Jus d’Orange 0,25;1;ORANGE SAUTTER 0,25 L - VC;Orange;Orange Plt;;
ABSENT;Kougelhopf sucré;1;KOUGELHOPF Sucré;Kougelhopf;Sirop Sucre Canne Routin Vp;;
ABSENT;Lardons frais;1;LARDON FRAIS 8/8 SALADE S/ATHMO 1 X 1 KG;Lardons Fumés;Oeufs Frais;;
ABSENT;Levure chimique;1;1KG BAKING POWDER ANCEL;Cube Levure Menage;Beurre Clarifié;;
ABSENT;Levure fraiche;1;12X42G CUBE LEVURE MENAGE;Cube Levure Menage;Celeri Branche;;
ABSENT;Miel;1;MIEL LIQUIDE PP 1KG;Miel Liquide Pp;Melon;;
ABSENT;PDT Cartons;1;Pommes de terre;Pdt;Pdt épluché cuites vapeur;;
ABSENT;Pailles Carton;1;500 PAILLES CARTON BLC;Pailles;Carton Jarret de porc cuit à braise x 10;;
ABSENT;Papier Cuisson;1;PAPIER CUISSON 25MX38CM MARRON;Papier Cuisson Mx Marron;Paleron;;
ABSENT;Papier Toilettes;1;PAP TOILETTE PP X12;Papier Cuisson Mx Marron;Pap Toilette Pp;;
ABSENT;Pesto Rouge Knorr;1;340G MEP PESTO ROUGE KNORR;Mep Pesto Rouge Knorr;Tabasco Rouge;;
ABSENT;Pleurote;2;CH PLEUROTE FR 2KG;Ch Pleurote;Paleron;;
ABSENT;Pulco;1;PULCO CITRON 0,70 L - VP;Pulco Citron Vp;Poule Pac;;
ABSENT;Quetsche Surg;1;QUETSCHES (OREILLONS) 1 X 8 X 1 KG;Quetsche;Gourmandise Creme Quetsche Can;;
ABSENT;Raifort;1;RAIFORT ALELOR 1KG;Raifort Alelor;Frais Forfaitaires;;
ABSENT;Sacs sous-vide;2;SAC S/VIDE LISSE 200X300MM X 100;Sacs Poub Stand Pmc;Sucre Semoule;;
ABSENT;Sirop Citron;1;SIROP CITRON JAUNE 1883 ROUTIN 1 L - VP;Sirop Citron Jaune Routin Vp;Citron;;
ABSENT;Tartare couteau;1;2X180G TARTARE COUTEAU CHAROLA;Tartare Couteau Charola;Tomate Concentre;;
ABSENT;Whisky;1;WHISKY LEHMANN ORIGINE 0,70 L;Whisky Alsacien;Whisky Lehmann Origine;;
DOUBLON;Farine;3;1KG FARINE DE BLE T55 NO NAME;existe 2x dans le catalogue;;;
DOUBLON;Fromage blanc;2;Fromage blanc;existe 2x dans le catalogue;;;
