"Fournisseur";"Code fournisseur";"Designation fournisseur";"Article propose";"Confiance";"Valider O/N";"Si a corriger: bon article"
"Alsabret (Au Pain de mon Grand-Père)";"REST007";"KOUGELHOPF Sucré";"Kougelhopf";"haute";"";""
"Café Sati";"3149330001305";"SATI GASTRO GRAINS BAR 1KG C6";"Sati Gastro Grains Bar";"haute";"";""
"Café Sati";"3149330064351";"ESPRESSO BELLA ITALIA 1KG C8";"Espresso Bella Italia";"haute";"";""
"Distribution Iller";"078801";"CUISSES DE CANARD CONFITES X4 S/VIDE 1KG ROUGIE";"Cuisses de canard confites";"haute";"";""
"Distribution Iller";"069003";"JAMBON FORET NOIRE TRANCHE BARQ 200GR";"Jambon Foret Noire";"haute";"";""
"Distribution Iller";"013800";"BOEUF BOURGUIGNON S/V 2.5KG";"Boeuf Bourguignon";"haute";"";""
"Distribution Iller";"215600";"ESCALOPE FOIE GRAS CANARD IMPORT SURGELE";"Foie Gras Canard";"haute";"";""
"Distribution Iller";"074300";"BLANC DE POULET PAQ 1,5KG FRANCE SIEBERT";"Blanc De Poulet";"haute";"";""
"Distribution Iller";"074301";"BLANC DE POULET IMPORT X 5KG";"Blanc De Poulet";"haute";"";""
"Distribution Iller";"054822";"LARDONS FUMES SEL SEC ILLER 8/3/20 CONGELE";"Lardons Fumés";"haute";"";""
"Distribution Iller";"030501";"NOIX DE VEAU UE BLANCHE";"Noix de veau";"haute";"";""
"Distribution Iller";"280002";"SAUMON FUME TRANCHE SELECTION (1KG)";"Saumon fumé";"haute";"";""
"Distribution Iller";"052101";"LARD SALE EN 1/2";"Lard Sale";"haute";"";""
"Distribution Iller";"052119";"LARD SALE CUIT 1/2";"Lard Sale";"haute";"";""
"Distribution Iller";"054900";"LARD FUME 1/2 S/V";"Lard Fume";"haute";"";""
"Distribution Iller";"054919";"LARD FUME CUIT 1/2 S/V";"Lard Fume";"haute";"";""
"Distribution Iller";"066900";"GENDARMES S/AT";"Gendarmes";"haute";"";""
"Distribution Iller";"070600";"POULE PAC";"Poule Pac";"haute";"";""
"Distribution Iller";"062100";"CERVELAS 120GR PAR 10 S/V";"Cervelas";"haute";"";""
"Distribution Iller";"012000";"PALERON DE BOEUF S/V";"Paleron";"moyenne";"";""
"Distribution Iller";"015300";"PALERON DE BOEUF FRANCE";"Paleron";"moyenne";"";""
"Distribution Iller";"051619";"JARRET POIRE CUIT ILLER";"Jarret";"moyenne";"";""
"Distribution Iller";"140219";"JARRET CUIT FAB ILLER X2 LE PAQ";"Jarret";"moyenne";"";""
"Distribution Iller";"271155";"FILET DE SAUMON TRIM D (Salmo Salar)";"Saumon";"moyenne";"";""
"Distribution Iller";"271285";"FILET DE SAUMON TRIM D QUALITE B (Salmo Salar)";"Saumon";"moyenne";"";""
"Essentiel RHF";"051036";"NETTOYANT DETARTRANT SANIT 750ML";"Nettoyant Detartrant Sanit";"haute";"";""
"Essentiel RHF";"A00832";"AROME VANILLINE PATISSIER 1L";"Arome Vanilline Patissier";"haute";"";""
"Essentiel RHF";"";"Moutarde d'Alsace douce";"Moutarde d'Alsace douce";"haute";"";""
"Essentiel RHF";"507482";"LIQUIDE PLONGE MANUELLE 1L";"Liquide Plonge Manuelle";"haute";"";""
"Essentiel RHF";"991483";"NETTOYANT CONCENTRE PIN 5L";"Nettoyant Concentre Pin";"haute";"";""
"Essentiel RHF";"A00216";"NOIX INVALIDES ARLEQUIN 1KG";"Noix Invalides Arlequin";"haute";"";""
"Essentiel RHF";"A01794";"DESODORISANT PRINTANIER 750ML";"Desodorisant Printanier";"haute";"";""
"Essentiel RHF";"A00102";"TOMATE CONCASSEE CUBE 5/1";"Tomate Concassee Cube";"haute";"";""
"Essentiel RHF";"A01381";"COPEAUX CHOCOLAT NOIR 1KG";"Copeaux Chocolat Noir";"haute";"";""
"Essentiel RHF";"473018";"ESSUIE MAIN BLC ECO X2";"Essuie Main Blc Eco";"haute";"";""
"Essentiel RHF";"A02336";"VINAIGRE ALCOOL BLC 1,5L";"Vinaigre Alcool Blc";"haute";"";""
"Essentiel RHF";"A00432";"CORIANDRE ENTIERE BTE 1L";"Coriandre Entiere";"haute";"";""
"Essentiel RHF";"A00572";"CHAMPIGNONS PARIS 3KG";"Champignons Paris";"haute";"";""
"Essentiel RHF";"A01008";"CIGARETTES RUSSES 1,4KG";"Cigarettes Russes";"haute";"";""
"Essentiel RHF";"A01064";"CARTOUCHES SIPHON X 24";"Cartouches Siphon";"haute";"";""
"Essentiel RHF";"A00065";"TOMATE CONCENTRE 4/4";"Tomate Concentre";"haute";"";""
"Essentiel RHF";"A01227";"ESCALOPE DE FOIE GRAS CANARD 1KG SURG";"Foie Gras Canard";"haute";"";""
"Essentiel RHF";"012315";"EPONGE VERTE PM X 10";"Eponge Verte Pm";"haute";"";""
"Essentiel RHF";"126075";"PAP TOILETTE PP X12";"Pap Toilette Pp";"haute";"";""
"Essentiel RHF";"414059";"ESSUIE MAIN BLC 2P";"Essuie Main Blc";"haute";"";""
"Essentiel RHF";"A00079";"CHAPELURE BRUNE 1KG";"Chapelure Brune";"haute";"";""
"Essentiel RHF";"A00144";"HUILE TOURNESOL 1 LITRE";"Huile tournesol";"haute";"";""
"Essentiel RHF";"A00213";"MIEL LIQUIDE PP 1KG";"Miel Liquide Pp";"haute";"";""
"Essentiel RHF";"A00429";"CANNELLE MOULUE BTE 1L";"Cannelle Moulue";"haute";"";""
"Essentiel RHF";"A01010";"EPONGE VERTE GM X10";"Eponge Verte Gm";"haute";"";""
"Essentiel RHF";"A01013";"HUILE TOURNESOL 5L";"Huile tournesol";"haute";"";""
"Essentiel RHF";"A00174";"CREME VANILLEE ALSACE LAIT 1 LITRE";"Creme Vanillee";"haute";"";""
"Essentiel RHF";"A00175";"CREME ANGLAISE ALSACE LAIT 1 LITRE";"Creme Anglaise";"haute";"";""
"Essentiel RHF";"A00263";"RAIFORT ALELOR 1KG";"Raifort Alelor";"haute";"";""
"Essentiel RHF";"A01119";"MUSCADE MOULUE 1KG";"Muscade Moulue";"haute";"";""
"Essentiel RHF";"A01264";"HERBE PROVENCE BTE 1L";"Herbe Provence";"haute";"";""
"Essentiel RHF";"A00212";"SUCRE SEMOULE SACHET 1KG";"Sucre Semoule";"haute";"";""
"Essentiel RHF";"A00214";"SUCRE CRISTAL 1KG";"Sucre Cristal";"haute";"";""
"Essentiel RHF";"A00437";"BAIE GENIEVRE BTE 1L";"Baie Genievre";"haute";"";""
"Essentiel RHF";"A00700";"NAPPAGE BLOND 1KG";"Nappage Blond";"haute";"";""
"Essentiel RHF";"A00739";"FILM ETIRABLE 300X45";"Film Etirable";"haute";"";""
"Essentiel RHF";"A00797";"CHOCOLAT NOIR 44% PALETS 5KG";"Chocolat Noir";"haute";"";""
"Essentiel RHF";"A00865";"TABASCO ROUGE 60ML";"Tabasco Rouge";"haute";"";""
"Essentiel RHF";"A01117";"VIN ROUGE BIB 10L";"Vin Rouge Bib";"haute";"";""
"Essentiel RHF";"A01533";"CHOCOLAT NOIR 55% 5KG";"Chocolat Noir";"haute";"";""
"Essentiel RHF";"A00438";"CLOU GIROFLE BTE 1L";"Clou Girofle";"haute";"";""
"Essentiel RHF";"A00691";"BRETZEL MINI 2,5KG";"Bretzel Mini";"haute";"";""
"Essentiel RHF";"A00775";"LAVETTE BLEU X15";"Lavette Bleu";"haute";"";""
"Essentiel RHF";"255867";"NETTOYANT DEGRAISSANT ECO 750ML";"Degraissant";"haute";"";""
"Essentiel RHF";"A00401";"OEUFS FRAIS MOYEN X30";"Oeufs Frais";"haute";"";""
"Essentiel RHF";"A00641";"PERSIL PLAT KG FRAIS";"Persil plat";"haute";"";""
"Essentiel RHF";"A01054";"CUMIN GRAIN 1KG";"Cumin Grain";"haute";"";""
"Essentiel RHF";"A01060";"LAIT ENTIER UHT 1L";"Lait Entier";"haute";"";""
"Essentiel RHF";"A01095";"RIZ BASMATI 5KG";"Riz Basmati";"haute";"";""
"Essentiel RHF";"A01152";"POIVRE VERT 4/4";"Poivre Vert";"haute";"";""
"Essentiel RHF";"A01711";"RIZ BASMATI 1KG";"Riz Basmati";"haute";"";""
"Essentiel RHF";"A00357";"MASCARPONE GRANAROLO 500GRS";"Mascarpone";"haute";"";""
"Essentiel RHF";"A00588";"COMTE RAPE 1KG";"Comte Rape";"haute";"";""
"Essentiel RHF";"A00727";"SAC S/VIDE LISSE 200X300MM X 100";"Vide Lisse";"haute";"";""
"Essentiel RHF";"A00756";"SAC S/VIDE LISSE 300X400 X100";"Vide Lisse";"haute";"";""
"Essentiel RHF";"A00870";"CIBOULETTE FRAICHE 100GRS";"Ciboulette";"haute";"";""
"Essentiel RHF";"A01449";"ORANGE PLT 1 KG";"Orange Plt";"haute";"";""
"Essentiel RHF";"A00740";"ALUMINIUM 200X45";"Aluminium";"haute";"";""
"Essentiel RHF";"A00932";"VIN BLANC 2X5L";"Vin Blanc";"haute";"";""
"Essentiel RHF";"A00555";"BOUILLON DE BOEUF 1000GRS";"Bouillon";"haute";"";""
"Essentiel RHF";"A00556";"BOUILLON DE VOLAILLE 1000GRS";"Bouillon";"haute";"";""
"Essentiel RHF";"A00627";"BOUILLON LEGUME BIO 1200GRS";"Bouillon";"haute";"";""
"Essentiel RHF";"A00887";"COUSCOUS 5KG";"Couscous";"haute";"";""
"Essentiel RHF";"A00077";"SEL FIN DE MER 1KG";"Sel Fin";"moyenne";"";""
"Essentiel RHF";"A00087";"SEL FIN CEREBOS 5KG";"Sel Fin";"moyenne";"";""
"Essentiel RHF";"A00589";"MUNSTER KG";"Munster";"moyenne";"";""
"Essentiel RHF";"A00725";"500 PAILLES CARTON BLC";"Pailles";"moyenne";"";""
"Essentiel RHF";"A01305";"STABILISATEUR CREMFIX 750GRS";"Cremfix";"moyenne";"";""
"Essentiel RHF";"410339";"BOBINE 450F X 6";"Bobine";"moyenne";"";""
"Essentiel RHF";"A00019";"BEURRE DX RLX 1 KG";"Beurre";"moyenne";"";""
"Essentiel RHF";"A00069";"FARINE DE BLE T55 1KG";"Farine";"moyenne";"";""
"Essentiel RHF";"A00165";"BEURRE DOUX 250 GRS";"Beurre";"moyenne";"";""
"Essentiel RHF";"A00218";"FARINE T45 1 KILO";"Farine";"moyenne";"";""
"Essentiel RHF";"A00454";"MELFOR 1L";"Melfor";"moyenne";"";""
"Essentiel RHF";"A01084";"BOBINE THERM CAISSE 80X80X12 X3 RLX";"Bobine";"moyenne";"";""
"Essentiel RHF";"14152";"PAPIER CUISSON 25MX38CM MARRON";"Cuiss";"moyenne";"";""
"Essentiel RHF";"A00746";"AROME MAGGI 1L";"Maggi";"moyenne";"";""
"Essentiel RHF";"A00798";"CACAO POUDRE EXTRA 1KG";"Cacao";"moyenne";"";""
"Herbes Fines Christian";"";"Persil plat 300gr";"Persil plat";"haute";"";""
"Herbes Fines Christian";"";"Pimprenelle 100gr";"Pimprenelle";"haute";"";""
"Herbes Fines Christian";"";"Ciboulette 100gr";"Ciboulette";"haute";"";""
"Herbes Fines Christian";"";"Bourrache 100gr";"Bourrache";"haute";"";""
"Herbes Fines Christian";"";"Sarriette 100gr";"Sarriette";"haute";"";""
"Herbes Fines Christian";"";"Capucine";"Capucine";"haute";"";""
"Herbes Fines Christian";"";"Cerfeuil 100gr";"Cerfeuil";"haute";"";""
"Herbes Fines Christian";"";"Estragon 100gr";"Estragon";"haute";"";""
"Herbes Fines Christian";"";"Basilic 100gr";"Basilic";"moyenne";"";""
"Herbes Fines Christian";"";"Romarin 100gr";"Romarin";"moyenne";"";""
"Herbes Fines Christian";"";"Menthe 100gr";"Menthe";"moyenne";"";""
"Herbes Fines Christian";"";"Thym citronné 100gr";"Citron";"moyenne";"";""
"Koch & Fils";"";"Carton Jarret de porc cuit à braise x 10";"Carton Jarret de porc cuit à braise x 10";"haute";"";""
"Koch & Fils";"8190";"COOKAL SECRET FLAMBAGE COINTREAU 200 ML";"Cookal Secret Flambage Cointreau";"haute";"";""
"Koch & Fils";"";"Jaunes d'Oeufs Liquide Brique";"Jaunes d'Oeufs Liquide Brique";"haute";"";""
"Koch & Fils";"3275";"PDT CRUE EPLUCHEE ENTIERE 1 X 5 KG";"Pdt Crue Epluchee Entiere";"haute";"";""
"Koch & Fils";"2846";"CHOUCROUTE CRUE NOUVELLE 1 X 10 KG";"Choucroute Crue Nouvelle";"haute";"";""
"Koch & Fils";"2724";"BANDE MACARON FRAMBOISE 1 X 6 X 700 G";"Bande Macaron Framboise";"haute";"";""
"Koch & Fils";"";"Sorbet Fraises Angelo";"Sorbet Fraises Angelo";"haute";"";""
"Koch & Fils";"1481";"ESCALOPE FG CANAR CRU UE 40/60 G 1X 5 X 1 KG";"Escalope Fg Canar Cru";"haute";"";""
"Koch & Fils";"";"CG Pistache Angelo";"CG Pistache Angelo";"haute";"";""
"Koch & Fils";"3017";"BOEUF BOURGUIGNON GENISSE CHAROLAISE CB 1 X 2.5 KG";"Boeuf Bourguignon";"haute";"";""
"Koch & Fils";"";"Crème liquide 5L";"Crème liquide 5L";"haute";"";""
"Koch & Fils";"2839";"KASSLER FUME CRU S/OS 1 X 1.6 KG+-";"Kassler Fumé Cru";"haute";"";""
"Koch & Fils";"2857";"TOURTE MARINEE 1 X 2.5 KG+-";"Tourte Marinee";"haute";"";""
"Koch & Fils";"";"Fromage blanc";"Fromage blanc";"haute";"";""
"Koch & Fils";"P0580";"FROMAGE BLANC 40 % MG A.LAIT (7.80%) 1 X 5 KG";"Fromage blanc";"haute";"";""
"Koch & Fils";"3612";"FILET DE POULET EXTRA FRANCE S/A 12 X 200 G";"Poulet Extra";"haute";"";""
"Koch & Fils";"3223";"SAUMON FUME NORVEGE TRAITEUR 26 TR X 40 G";"Saumon fumé";"haute";"";""
"Koch & Fils";"";"CG Vanille";"CG Vanille";"haute";"";""
"Koch & Fils";"P1210";"MASCARPONE AMBROSI 1 X 6 X 500 G";"Mascarpone";"haute";"";""
"Koch & Fils";"2844";"LARD SALE EN 1/2 1 X 2 KG+-";"Lard Sale";"haute";"";""
"Koch & Fils";"2845";"LARD FUME EN 1/2 1 X 2.2+ KG";"Lard Fume";"haute";"";""
"Koch & Fils";"2416";"QUETSCHES (OREILLONS) 1 X 8 X 1 KG";"Quetsche";"haute";"";""
"Koch & Fils";"2824";"CERVELAS 12 X 100 G";"Cervelas";"haute";"";""
"Koch & Fils";"P1275";"TIRAMISU DEBIC 1 X 6 X 1 L";"Tiramisu";"haute";"";""
"Koch & Fils";"3015";"PALERON DE BOEUF VBF 1 X 3.5 KG+-";"Paleron";"moyenne";"";""
"Koch & Fils";"30205";"PALERON ALSACE 2.5 KG+-";"Paleron";"moyenne";"";""
"Koch & Fils";"P1228";"MUNSTER FERMIER LC 17 CM F.MATHIEU 1 X 4 X 750 GR";"Munster";"moyenne";"";""
"Koch & Fils";"28130";"LARDON FRAIS 8/8 SALADE S/ATHMO 1 X 1 KG";"Salade";"moyenne";"";""
"Koch & Fils";"3315";"JARRET BRAISE KOCH 1 X 10 X 700G+-";"Jarret";"moyenne";"";""
"Koch & Fils";"8191";"COOKAL SECRET DE FLAMBAGE CARAMEL 200 ML";"Cookal";"moyenne";"";""
"Koch & Fils";"8193";"COOKAL ECLATS DE CARAMEL 1 X 6 X 375 G";"Cookal";"moyenne";"";""
"Koch & Fils";"P0251";"BEURRE DE CAMPAGNE 500 GR 82% 1 X 10 KG";"Beurre";"moyenne";"";""
"Koch & Fils";"2821";"KNACK D'ALSACE EXTRA - 20 X 50 G";"Knack";"moyenne";"";""
"Koch & Fils";"3645";"CONFIT DE CUISSE CANARD ROUGIE FRANCE ST DE 6PC";"Cuiss";"moyenne";"";""
"Malt et Houblon";"1583";"PINOT NOIR VIEILLES VIGNES GILG 0,75 L";"Pinot Noir Vieilles Vignes Gilg";"haute";"";""
"Malt et Houblon";"881";"RECUPERATION VERRE PERDU UNITE";"Recuperation Verre Perdu Unite";"haute";"";""
"Malt et Houblon";"932";"WHISKY LEHMANN ORIGINE 0,70 L";"Whisky Lehmann Origine";"haute";"";""
"Malt et Houblon";"960";"GENEPI PERES CHARTREUX 0,70 L";"Genepi Peres Chartreux";"haute";"";""
"Malt et Houblon";"2241";"MARTINI BIANCO CRD 1 L";"Martini Bianco Crd";"haute";"";""
"Malt et Houblon";"2242";"MARTINI ROSSO CRD 1 L";"Martini Rosso Crd";"haute";"";""
"Malt et Houblon";"1575";"RIESLING G.C. MOENCHBERG GILG 0,75 L";"Riesling";"haute";"";""
"Malt et Houblon";"1577";"RIESLING MARNES ET CALCAIRE BIO GILG 0,75 L";"Riesling";"haute";"";""
"Malt et Houblon";"1122";"APEROL 1 L";"Aperol";"moyenne";"";""
"Malt et Houblon";"1627";"ORANGE SAUTTER 0,25 L - VC";"Orange";"moyenne";"";""
"Malt et Houblon";"310";"SIROP CITRON JAUNE 1883 ROUTIN 1 L - VP";"Citron";"moyenne";"";""
"Malt et Houblon";"3350";"PULCO CITRON 0,70 L - VP";"Citron";"moyenne";"";""
"Malt et Houblon";"182";"EAU DE VIE POIRE WILLIAMS MICLO 0,70 L";"Poire";"moyenne";"";""
"Promocash";"178449";"250G MGRT CND FUME TRANCHE SAT";"Mgrt Cnd Fume Tranche Sat";"haute";"";""
"Promocash";"994883";"250G GRISSINI ART SESAME CIRO";"Grissini Art Sesame Ciro";"haute";"";""
"Promocash";"047995";"MOUTARDE D'ALSACE DOUCE EN TUB";"Moutarde d'Alsace douce";"haute";"";""
"Promocash";"327302";"290G ASSIET CHARCUT RACLETTE";"Assiet Charcut Raclette";"haute";"";""
"Promocash";"541319";"2X180G TARTARE COUTEAU CHAROLA";"Tartare Couteau Charola";"haute";"";""
"Promocash";"268059";"340G MEP PESTO ROUGE KNORR";"Mep Pesto Rouge Knorr";"haute";"";""
"Promocash";"296497";"1L DECAPANT FOUR JEX PRO";"Decapant Four Jex Pro";"haute";"";""
"Promocash";"831118";"450G PATE CROUTE PISTACHE";"Pate Croute Pistache";"haute";"";""
"Promocash";"146809";"1KG BAKING POWDER ANCEL";"Baking Powder Ancel";"haute";"";""
"Promocash";"289023";"12X42G CUBE LEVURE MENAGE";"Cube Levure Menage";"haute";"";""
"Promocash";"304456";"1L HUILE TOURNESOL CLAIROR";"Huile tournesol";"haute";"";""
"Promocash";"457462";"ST 200G PISSENLIT BLANC FR";"Pissenlit Blanc";"haute";"";""
"Promocash";"754054";"ARTICHAUT PIECE";"Artichaut Piece";"haute";"";""
"Promocash";"652210";"DENTELLE DIAM 10";"Dentelle Diam";"haute";"";""
"Promocash";"652219";"DENTELLE DIAM 11,4";"Dentelle Diam";"haute";"";""
"Promocash";"177389";"750ML DEGRAISSANT SOLIGERM";"Degraissant";"haute";"";""
"Promocash";"021236";"CHOU ROUGE PIECE";"Chou Rouge";"haute";"";""
"Promocash";"099047";"MACHE VRAC";"Mache Vrac";"haute";"";""
"Promocash";"837674";"ST 100G CIBOULETTE EQR IMP";"Ciboulette";"haute";"";""
"Promocash";"341888";"POIREAU BIO GERME 75G";"Poireau";"moyenne";"";""
"Promocash";"650991";"200G MUNSTER MARIKEL 11 CM";"Munster";"moyenne";"";""
"Promocash";"045151";"1L VINAIGRE 3.8% MELFOR";"Melfor";"moyenne";"";""
"Promocash";"200243";"50 BOL SALADE 750. SLR750C SEK";"Salade";"moyenne";"";""
"Promocash";"312860";"500G BEURRE DEMI-SEL GASTRONOM";"Beurre";"moyenne";"";""
"Promocash";"385260";"1KG FARINE DE BLE T55 NO NAME";"Farine";"moyenne";"";""
"Promocash";"681049";"JARRET ARRIERE BRAISE CUIT";"Jarret";"moyenne";"";""
"Promocash";"682588";"650ML ULTRA DEGRAIS.CITRON SLP";"Citron";"moyenne";"";""
"Promocash";"217929";"5KG CACAO 50% PALET EC";"Cacao";"moyenne";"";""
"Promocash";"629361";"FL.1KG AROME MAGGI";"Maggi";"moyenne";"";""
"Ruhlmann-Schutz";"";"RUHLMANN RIESLING Granit Sec";"Ruhlmann Riesling Granit Sec";"haute";"";""
"Ruhlmann-Schutz";"";"CHATEAU VALMONT AVENTURE BIO";"Chateau Valmont Aventure";"haute";"";""
"Ruhlmann-Schutz";"";"RUHLMANN PINOT GRIS Tête de Cuvée BIO Demi-sec";"Pinot Gris";"haute";"";""
"Sapam";"DE";"RADIS ROUGE EQUEUTE ALL SACHET 1KG I X10 P O.1 1";"Radis Rouge Equeute";"haute";"";""
"Sapam";"";"Frais forfaitaires (Art. 10)";"Frais Forfaitaires";"haute";"";""
"Sapam";"";"Frais forfaitaires";"Frais Forfaitaires";"haute";"";""
"Sapam";"";"PATATE DOUCE EG 6KG";"Patate Douce Eg";"haute";"";""
"Sapam";"";"Pommes de terre";"Pommes de terre";"haute";"";""
"Sapam";"EG";"PATATE DOUCE EG 6KG I";"Patate Douce Eg";"haute";"";""
"Sapam";"";"CELERI BRANCHE FR 5SKG";"Celeri Branche";"haute";"";""
"Sapam";"FR";"CELERI BRANCHE FR 5SKG I";"Celeri Branche";"haute";"";""
"Sapam";"";"CELERI RAVE HVE3 ALS";"Celeri Rave";"haute";"";""
"Sapam";"";"CH PLEUROTE FR 2KG";"Ch Pleurote";"haute";"";""
"Sapam";"";"FX CITRON VERT BR LIME";"Citron vert";"haute";"";""
"Sapam";"";"PERSIL PLAT ALL 5KG";"Persil plat";"haute";"";""
"Sapam";"";"PERSIL PLAT ALS";"Persil plat";"haute";"";""
"Sapam";"";"PERSIL PLAT ES";"Persil plat";"haute";"";""
"Sapam";"BR";"FX CITRON VERT BR LIME I X48";"Citron vert";"haute";"";""
"Sapam";"BR";"FX CITRON VERT BR LIME I X54";"Citron vert";"haute";"";""
"Sapam";"DE";"PERSIL PLAT ALL 5KG I";"Persil plat";"haute";"";""
"Sapam";"ES";"OG AIL EPLUCHE ES 1KG I X12";"Ail epluché";"haute";"";""
"Sapam";"ES";"PERSIL PLAT ES BTE100G I P O.1 2";"Persil plat";"haute";"";""
"Sapam";"ES";"PERSIL PLAT ES BTE100G I";"Persil plat";"haute";"";""
"Sapam";"ES";"PERSIL PLAT ES I POLY X20 P O.1 2";"Persil plat";"haute";"";""
"Sapam";"ES";"PERSIL PLAT ES I POLY X20";"Persil plat";"haute";"";""
"Sapam";"FR";"CELERI RAVE HVE3 ALS I X10 P O.1 1";"Celeri Rave";"haute";"";""
"Sapam";"FR";"CELERI RAVE HVE3 ALS I X10";"Celeri Rave";"haute";"";""
"Sapam";"FR";"CH PLEUROTE FR 2KG I";"Ch Pleurote";"haute";"";""
"Sapam";"FR";"PERSIL PLAT ALS I";"Persil plat";"haute";"";""
"Sapam";"IT";"PERSIL PLAT ITA I";"Persil plat";"haute";"";""
"Sapam";"MA";"FX CITRON VERT MA LIME I X54";"Citron vert";"haute";"";""
"Sapam";"";"CHOU FLEUR BRET EXT X6 P";"Chou-Fleur";"haute";"";""
"Sapam";"";"CHOU FLEUR FR";"Chou-Fleur";"haute";"";""
"Sapam";"";"CHOU FLEUR HVE3 ALS";"Chou-Fleur";"haute";"";""
"Sapam";"";"CHOU ROUGE HVE3 ALS";"Chou Rouge";"haute";"";""
"Sapam";"";"HCIBOULETTE FR BQ100G";"Ciboulette";"haute";"";""
"Sapam";"";"HCIBOULETTE FR SACH100G";"Ciboulette";"haute";"";""
"Sapam";"";"HCIBOULETTE MA BO100G";"Ciboulette";"haute";"";""
"Sapam";"";"HCIBOULETTE MA BOQ100G";"Ciboulette";"haute";"";""
"Sapam";"";"HCIBOULETTE MA BQ100G";"Ciboulette";"haute";"";""
"Sapam";"FR";"CHOU FLEUR BRET EXT X6";"Chou-Fleur";"haute";"";""
"Sapam";"FR";"CHOU FLEUR FR I X6";"Chou-Fleur";"haute";"";""
"Sapam";"FR";"CHOU ROUGE HVE3 ALS I X6";"Chou Rouge";"haute";"";""
"Sapam";"FR";"HCIBOULETTE FR BOQ100G I AUDA";"Ciboulette";"haute";"";""
"Sapam";"FR";"HCIBOULETTE FR BQ100G I AUDA";"Ciboulette";"haute";"";""
"Sapam";"FR";"HCIBOULETTE FR BQ100G I SOLIPLANT";"Ciboulette";"haute";"";""
"Sapam";"FR";"HCIBOULETTE FR SACH100G I SOLIPLANT";"Ciboulette";"haute";"";""
"Sapam";"FR";"VG CHOUCROUTE CRUE ALS SEAU10K";"Choucroute";"haute";"";""
"Sapam";"FR";"VG CHOUCROUTE CRUE ALS SEAU1LOK";"Choucroute";"haute";"";""
"Sapam";"FR";"VG CHOUCROUTE CRUE ALS SEAU1OK";"Choucroute";"haute";"";""
"Sapam";"MA";"HCIBOULETTE MA BO100G I AUDA";"Ciboulette";"haute";"";""
"Sapam";"MA";"HCIBOULETTE MA BOQ100G I AUDA";"Ciboulette";"haute";"";""
"Sapam";"MA";"HCIBOULETTE MA BQ100G I AUDA";"Ciboulette";"haute";"";""
"Sapam";"MA";"HCIBOULETTE MA SACH100G I AUDA";"Ciboulette";"haute";"";""
"Sapam";"";"AUBERGINE ES M";"Aubergine";"haute";"";""
"Sapam";"";"AUBERGINE ES";"Aubergine";"haute";"";""
"Sapam";"";"AUBERGINE HVE3 ALS 5KG";"Aubergine";"haute";"";""
"Sapam";"";"AUBERGINE MIDI 6KG";"Aubergine";"haute";"";""
"Sapam";"";"CONCOMBRE ALS 4/5";"Concombre";"haute";"";""
"Sapam";"";"CONCOMBRE MIDI 4/5";"Concombre";"haute";"";""
"Sapam";"";"COURG.BUTTERNUT HVE3 ALS 10KG";"Butternut";"haute";"";""
"Sapam";"";"COURGETTE ES 14/21";"Courgette";"haute";"";""
"Sapam";"";"COURGETTE FR 14/21 10KG";"Courgette";"haute";"";""
"Sapam";"";"COURGETTE MIDI 14/21 9KG";"Courgette";"haute";"";""
"Sapam";"";"Echalotes";"Echalotes";"haute";"";""
"Sapam";"";"MIRABELLE ALL";"Mirabelle";"haute";"";""
"Sapam";"DE";"MIRABELLE ALL I";"Mirabelle";"haute";"";""
"Sapam";"ES";"AUBERGINE ES I";"Aubergine";"haute";"";""
"Sapam";"ES";"AUBERGINE ES M I CC";"Aubergine";"haute";"";""
"Sapam";"ES";"COURGETTE ES 14/21 I PLAST";"Courgette";"haute";"";""
"Sapam";"FR";"AUBERGINE HVE3 ALS 5KG I";"Aubergine";"haute";"";""
"Sapam";"FR";"AUBERGINE MIDI 6KG I";"Aubergine";"haute";"";""
"Sapam";"FR";"CONCOMBRE ALS 4/5 I X12";"Concombre";"haute";"";""
"Sapam";"FR";"CONCOMBRE MIDI 4/5 I X12";"Concombre";"haute";"";""
"Sapam";"FR";"COURG.BUTTERNUT HVE3 ALS 10KG I K QO.11 1.1";"Butternut";"haute";"";""
"Sapam";"FR";"COURG.BUTTERNUT HVE3 ALS 10KG I";"Butternut";"haute";"";""
"Sapam";"FR";"COURGETTE FR 14/21 10KG I";"Courgette";"haute";"";""
"Sapam";"FR";"COURGETTE MIDI 14/21 9KG I SAPAM";"Courgette";"haute";"";""
"Sapam";"FR";"MIRABELLE ALS 5KG I";"Mirabelle";"haute";"";""
"Sapam";"";"QUETSCHE ALL 10KG";"Quetsche";"haute";"";""
"Sapam";"";"QUETSCHE HVE3 ALS 6KG";"Quetsche";"haute";"";""
"Sapam";"";"Rhubarbe";"Rhubarbe";"haute";"";""
"Sapam";"DE";"QUETSCHE ALL 10KG I";"Quetsche";"haute";"";""
"Sapam";"FR";"QUETSCHE HVE3 ALS 6KG I";"Quetsche";"haute";"";""
"Sapam";"";"CAROTTE ALL BO 1KG";"Carotte";"moyenne";"";""
"Sapam";"";"CAROTTE ALL BOQ 1KG";"Carotte";"moyenne";"";""
"Sapam";"";"CAROTTE BE SAC5K";"Carotte";"moyenne";"";""
"Sapam";"";"CAROTTE FR BQ 1KG";"Carotte";"moyenne";"";""
"Sapam";"";"CAROTTE HVE3 ALS 1KG";"Carotte";"moyenne";"";""
"Sapam";"";"CAROTTE HVE3 ALS M SAC5K";"Carotte";"moyenne";"";""
"Sapam";"";"CAROTTE HVE3 ALS M SACSK";"Carotte";"moyenne";"";""
"Sapam";"";"CAROTTE HVE3 ALS SAC10K";"Carotte";"moyenne";"";""
"Sapam";"";"CAROTTE HVE3 FR SACH2K";"Carotte";"moyenne";"";""
"Sapam";"";"FENOUIL ITA";"Fenouil";"moyenne";"";""
"Sapam";"";"POIREAU ALS 10KG";"Poireau";"moyenne";"";""
"Sapam";"";"POIREAU HVE3 ALS 10KG";"Poireau";"moyenne";"";""
"Sapam";"";"POIREAU HVE3 ALS BTE 1KG";"Poireau";"moyenne";"";""
"Sapam";"";"POIREAU HVE3 FR 10KG";"Poireau";"moyenne";"";""
"Sapam";"";"POIREAU NOUVEAU FR 10KG";"Poireau";"moyenne";"";""
"Sapam";"";"POIVRON JAUNE NL GG 5KG";"Poivron";"moyenne";"";""
"Sapam";"";"POIVRON ROUGE NL GG 5KG";"Poivron";"moyenne";"";""
"Sapam";"";"POIVRON TRICOLORE ES SACH500G";"Poivron";"moyenne";"";""
"Sapam";"";"POIVRON TRICOLORE MA SACH500G";"Poivron";"moyenne";"";""
"Sapam";"";"POIVRON TRICOLORE NL SACH500G";"Poivron";"moyenne";"";""
"Sapam";"";"POIVRON VERT POLOG G 5KG";"Poivron";"moyenne";"";""
"Sapam";"BE";"CAROTTE BE SAC5K I";"Carotte";"moyenne";"";""
"Sapam";"DE";"CAROTTE ALL BO 1KG I X12";"Carotte";"moyenne";"";""
"Sapam";"DE";"CAROTTE ALL BOQ 1KG I X12";"Carotte";"moyenne";"";""
"Sapam";"ES";"POIVRON TRICOLORE ES SACH500G I X10";"Poivron";"moyenne";"";""
"Sapam";"FR";"CAROTTE FR BO 1KG I X12";"Carotte";"moyenne";"";""
"Sapam";"FR";"CAROTTE FR BOQ 1KG I X12";"Carotte";"moyenne";"";""
"Sapam";"FR";"CAROTTE HVE3 ALS 1KG I X10";"Carotte";"moyenne";"";""
"Sapam";"FR";"CAROTTE HVE3 ALS M SAC5K I";"Carotte";"moyenne";"";""
"Sapam";"FR";"CAROTTE HVE3 ALS M SAC5SK I";"Carotte";"moyenne";"";""
"Sapam";"FR";"CAROTTE HVE3 ALS M SACSK I";"Carotte";"moyenne";"";""
"Sapam";"FR";"CAROTTE HVE3 ALS SAC10K I";"Carotte";"moyenne";"";""
"Sapam";"FR";"CAROTTE HVE3 FR SACH2K I CART X6";"Carotte";"moyenne";"";""
"Sapam";"FR";"CAROTTE NLLE FR BQ 1KG I X12";"Carotte";"moyenne";"";""
"Sapam";"FR";"POIREAU ALS 10KG I";"Poireau";"moyenne";"";""
"Sapam";"FR";"POIREAU HVE3 ALS 10KG I";"Poireau";"moyenne";"";""
"Sapam";"FR";"POIREAU HVE3 ALS BTE 1KG I X10";"Poireau";"moyenne";"";""
"Sapam";"FR";"POIREAU HVE3 FR 10KG I";"Poireau";"moyenne";"";""
"Sapam";"FR";"POIREAU NOUVEAU FR 10KG I";"Poireau";"moyenne";"";""
"Sapam";"IT";"FENOUIL ITA I";"Fenouil";"moyenne";"";""
"Sapam";"MA";"POIVRON TRICOLORE MA SACH500G I X10 P O.1 1";"Poivron";"moyenne";"";""
"Sapam";"NL";"POIVRON JAUNE NL GG 5KG I";"Poivron";"moyenne";"";""
"Sapam";"NL";"POIVRON ROUGE NL GG 5KG I";"Poivron";"moyenne";"";""
"Sapam";"NL";"POIVRON TRICOLORE NL SACH500G I X10";"Poivron";"moyenne";"";""
"Sapam";"PL";"POIVRON VERT POLOG G 5KG I";"Poivron";"moyenne";"";""
"Sapam";"";"BANANE CAVENDISH C.IVO P19";"Banane";"moyenne";"";""
"Sapam";"";"BANANE CAVENDISH CM P19";"Banane";"moyenne";"";""
"Sapam";"";"CITRON EUREKA AR 4";"Citron";"moyenne";"";""
"Sapam";"";"CITRON EUREKA ZA 3";"Citron";"moyenne";"";""
"Sapam";"";"CITRON EUREKA ZA 4";"Citron";"moyenne";"";""
"Sapam";"";"CITRON PRIMOFIORI ES 3";"Citron";"moyenne";"";""
"Sapam";"";"CITRON PRIMOFIORI ES 4";"Citron";"moyenne";"";""
"Sapam";"";"HMENTHE ES";"Menthe";"moyenne";"";""
"Sapam";"";"HMENTHE FR BOQ1OOG";"Menthe";"moyenne";"";""
"Sapam";"";"ORANGE NAVEL LATE ZA 4";"Orange";"moyenne";"";""
"Sapam";"";"ORANGE NAVELINAS ES 4";"Orange";"moyenne";"";""
"Sapam";"AR";"CITRON EUREKA AR 4 I X45";"Citron";"moyenne";"";""
"Sapam";"CI";"BANANE CAVENDISH C.IVO P19 I";"Banane";"moyenne";"";""
"Sapam";"CM";"BANANE CAVENDISH CM P19 I";"Banane";"moyenne";"";""
"Sapam";"ES";"CITRON ES 3 I";"Citron";"moyenne";"";""
"Sapam";"ES";"CITRON PRIMOFIORI ES 3 I PLT 1R";"Citron";"moyenne";"";""
"Sapam";"ES";"CITRON PRIMOFIORI ES 4 I LULU";"Citron";"moyenne";"";""
"Sapam";"ES";"CITRON PRIMOFIORI ES 4 I MADEMOISE";"Citron";"moyenne";"";""
"Sapam";"ES";"CITRON PRIMOFIORI ES 4 I MADEMOTSE";"Citron";"moyenne";"";""
"Sapam";"ES";"HMENTHE ES I POLY X20";"Menthe";"moyenne";"";""
"Sapam";"ES";"ORANGE NAVELINAS ES 4 I MADEMOISE";"Orange";"moyenne";"";""
"Sapam";"ES";"ORANGE NAVELINAS ES 4 I MADEMOTSE";"Orange";"moyenne";"";""
"Sapam";"FR";"HMENTHE FR BOQ1OOG I AUDA";"Menthe";"moyenne";"";""
"Sapam";"ZA";"CITRON EUREKA ZA 3 I MADEMOISE";"Citron";"moyenne";"";""
"Sapam";"ZA";"CITRON EUREKA ZA 4 I MADEMOISE";"Citron";"moyenne";"";""
"Sapam";"ZA";"CITRON EUREKA ZA 4 I MADEMOTSE";"Citron";"moyenne";"";""
"Sapam";"ZA";"CITRON EUREKA ZA 4 I";"Citron";"moyenne";"";""
"Sapam";"ZA";"ORANGE NAVEL LATE ZA 4 I MADEMOISE";"Orange";"moyenne";"";""
"Sapam";"ZA";"ORANGE NAVEL LATE ZA 4 I MADEMOTSE";"Orange";"moyenne";"";""
"Sapam";"ZA";"ORANGE NAVEL ZA 4 I MADEMOISE";"Orange";"moyenne";"";""
"Sapam";"ZA";"ORANGE NAVEL ZA 6 I X88";"Orange";"moyenne";"";""
"Sapam";"";"HANETH FR BQ100G";"Aneth";"moyenne";"";""
"Sapam";"";"MELON BRODE HVE3 MIDI 975/1250G";"Melon";"moyenne";"";""
"Sapam";"";"MELON CHAR JAUNE FR 750/975G";"Melon";"moyenne";"";""
"Sapam";"";"MELON CHAR JAUNE FR 975/1250G";"Melon";"moyenne";"";""
"Sapam";"";"NAVET BLANC ALS SAC5SK";"Navet";"moyenne";"";""
"Sapam";"";"NAVET BLANC FR SAC5K";"Navet";"moyenne";"";""
"Sapam";"";"NAVET BLANC FR SACSK";"Navet";"moyenne";"";""
"Sapam";"";"NAVET BLANC HVE3 ALS SAC5K";"Navet";"moyenne";"";""
"Sapam";"";"POIRE CONFERENCE HVE3 ALS 70-75";"Poire";"moyenne";"";""
"Sapam";"";"POIRE DOY DE COMICE BE 60-65 7KG";"Poire";"moyenne";"";""
"Sapam";"";"POIRE DOY DE COMICE NL 70-75";"Poire";"moyenne";"";""
"Sapam";"";"POIRE GUYOT MIDI 60-65";"Poire";"moyenne";"";""
"Sapam";"";"POIRE GUYOT MIDI 65-70";"Poire";"moyenne";"";""
"Sapam";"";"POIRE ROCHA PORTU 60-65";"Poire";"moyenne";"";""
"Sapam";"BE";"POIRE DOY DE COMICE BE 60-65 7KG I PLT";"Poire";"moyenne";"";""
"Sapam";"FR";"HANETH FR BQ100G I AUDA";"Aneth";"moyenne";"";""
"Sapam";"FR";"MELON BRODE HVE3 MIDI 975/1250G I X12";"Melon";"moyenne";"";""
"Sapam";"FR";"MELON CHAR JAUNE FR 750/975G I X12";"Melon";"moyenne";"";""
"Sapam";"FR";"MELON CHAR JAUNE FR 975/1250G I X12";"Melon";"moyenne";"";""
"Sapam";"FR";"NAVET BLANC ALS SAC5SK I";"Navet";"moyenne";"";""
"Sapam";"FR";"NAVET BLANC FR SAC5K I";"Navet";"moyenne";"";""
"Sapam";"FR";"NAVET BLANC FR SACSK I";"Navet";"moyenne";"";""
"Sapam";"FR";"NAVET BLANC HVE3 ALS SAC5K I";"Navet";"moyenne";"";""
"Sapam";"FR";"NAVET BLANC HVE3 FR 5KG I";"Navet";"moyenne";"";""
"Sapam";"FR";"POIRE CONFERENCE HVE3 ALS 70-75 I PLT 1R";"Poire";"moyenne";"";""
"Sapam";"FR";"POIRE GUYOT BIO FR 60-65 II PLT *";"Poire";"moyenne";"";""
"Sapam";"FR";"POIRE GUYOT MIDI 60-65 I PLT";"Poire";"moyenne";"";""
"Sapam";"FR";"POIRE GUYOT MIDI 65-70 I CC";"Poire";"moyenne";"";""
"Sapam";"FR";"POIRE GUYOT MIDI 65-70 I PLT";"Poire";"moyenne";"";""
"Sapam";"NL";"POIRE DOY DE COMICE NL 70-75 I";"Poire";"moyenne";"";""
"Sapam";"PT";"POIRE ROCHA PORTU 60-65 I X32";"Poire";"moyenne";"";""
"Wolfberger";"51067";"GOURMANDISE CREME QUETSCHE CAN 16,0";"Gourmandise Creme Quetsche Can";"haute";"";""
"Wolfberger";"51074";"GOURMANDISE LIQUEUR FRAMBOISE 18,0";"Gourmandise Liqueur Framboise";"haute";"";""
"Wolfberger";"52660";"GOURMANDISE LIQUEUR SAPIN 18,0";"Gourmandise Liqueur Sapin";"haute";"";""
"Wolfberger";"51069";"GOURMANDISE GRIOTTISSIMO 1L 15,0";"Gourmandise Griottissimo";"haute";"";""
"Wolfberger";"44907";"AMER FDB ENVIE D'ETE 15%70CL W 15,0";"AMER FDB ENVIE D'ETE 1";"haute";"";""
"Wolfberger";"5753";"CARTON 6 BT EDV 1L 2 RHUM BRUN PATISSIER 1L 41% W 41,0";"Rhum Brun Patissier";"haute";"";""
"Wolfberger";"5753";"CARTON 6 BT EDV 1L 3 RHUM BRUN PATISSIER 1L 41% W 41,0";"Rhum Brun Patissier";"haute";"";""
"Wolfberger";"5760";"CARTON 6 BT EDV 1L 1 RHUM BRUN PATISSIER 1L 54% W 54,0";"Rhum Brun Patissier";"haute";"";""
"Wolfberger";"5760";"CARTON 6 BT EDV 1L 2 RHUM BRUN PATISSIER 1L 54% W 54,0";"Rhum Brun Patissier";"haute";"";""
"Wolfberger";"8121";"L 1 RHUM BRUN PATISSIER 3L 41% 41,0";"Rhum Brun Patissier";"haute";"";""
"Wolfberger";"41722";"AMER FDB FRAMBOISE 15%70CL W 15,0";"Amer Fdb Framboise";"haute";"";""
"Wolfberger";"41725";"AMER FDB GINGEMBRE 15%70CL W 15,0";"Amer Fdb Gingembre";"haute";"";""
"Wolfberger";"41728";"AMER FDB MANDARINE 15%70CL W 15,0";"Amer Fdb Mandarine";"haute";"";""
"Wolfberger";"43235";"AMER FDB NOEL 15%70 15,0";"Amer Fdb Noel";"haute";"";""
"Wolfberger";"6518";"FRAMBOISE EDV 70CL 45% W 45,0";"Framboise Edv";"haute";"";""
"Wolfberger";"6322";"GRIOTTISSIMO 5L 15% W 15,0";"Griottissimo";"haute";"";""
"Wolfberger";"39646";"EDELZWICKER WOLF LES FRIANDS 12,0 CRD";"Edelzwicker";"haute";"";""
"Wolfberger";"53262";"EDELZWICKER WOLF LES FRIANDS 12,1 CRD";"Edelzwicker";"haute";"";""
"Wolfberger";"35529";"QUETSCH IG ALSACE 70CL 45% W 45,0";"Quetsch Ig";"haute";"";""
"Wolfberger";"49395";"PINOT NOIR WILLM CUVEE LINA 22 12,0 CRD";"Pinot Noir";"haute";"";""
"Wolfberger";"49395";"PINOT NOIR WILLM CUVEE LINA 22 12,1 CRD";"Pinot Noir";"haute";"";""
"Wolfberger";"50454";"PINOT NOIR WILLM CUVEE LINA 23 13,1 CRD";"Pinot Noir";"haute";"";""
"Wolfberger";"54467";"QUETSCH IG WOLFBERGER 1874 45,0";"Quetsch Ig";"haute";"";""
"Wolfberger";"33334";"KIRSCH IG ALSACE 70CL 45° W 45,0";"Kirsch Ig";"haute";"";""
"Wolfberger";"35577";"MIRABELLE IG ALSACE 70CL 45°W 45,0";"Mirabelle";"haute";"";""
"Wolfberger";"52765";"MIRABELLE MBP 24 70CL 45% 45,0";"Mirabelle";"haute";"";""
"Wolfberger";"54466";"MIRABELLE IG WOLFBERGER 1874 45,0";"Mirabelle";"haute";"";""
"Wolfberger";"39642";"RIESLING WOLF LES FRIANDS 12,5 CRD";"Riesling";"haute";"";""
"Wolfberger";"39642";"RIESLING WOLF LES FRIANDS 13,0 CRD";"Riesling";"haute";"";""
"Wolfberger";"53208";"RIESLING WOLF LES FRIANDS 11,9 CRD";"Riesling";"haute";"";""
"Wolfberger";"54471";"COING WOLFBERGER 1874 45,0";"Coing";"moyenne";"";""
"Wolfberger";"54539";"POIRE WILLIAMS WOLF 1874 VNGO 45,0";"Poire";"moyenne";"";""
"Wolfberger";"6523";"POIRE WILLIAMS EDV 70CL 45%W 45,0";"Poire";"moyenne";"";""
"Zeyssolff";"";"PINOT BLANC AUXERROIS AOC ALSACE 100cl";"Pinot Blanc Auxerrois";"haute";"";""
"Zeyssolff";"";"PINOT BLANC AUXERROIS BIO AOC ALSACE 100cl";"Pinot Blanc Auxerrois";"haute";"";""
"Zeyssolff";"";"CONSIGNES CFP";"Consignes Cfp";"haute";"";""
"Zeyssolff";"";"EDELZWICKER AOC ALSACE 100cl";"Edelzwicker";"haute";"";""
"Zeyssolff";"";"PINOT GRIS AOC ALSACE BIO 2024 75cl";"Pinot Gris";"haute";"";""
"Zeyssolff";"";"PINOT NOIR AOC ALSACE 100cl";"Pinot Noir";"haute";"";""
"Zeyssolff";"";"PINOT NOIR AOC ALSACE BIO 2024 75cl";"Pinot Noir";"haute";"";""
"Zeyssolff";"";"PINOT NOIR AOC ALSACE BIO bouteille 100cl";"Pinot Noir";"haute";"";""
"Zeyssolff";"";"RIESLING AOC ALSACE 100cl";"Riesling";"haute";"";""
"Zeyssolff";"";"RIESLING BIO AOC ALSACE 100cl";"Riesling";"haute";"";""